"Date","Time","Identity","Internal IP Address","External IP Address","Action","Destination","Categories"
"2014-06-04","19:38:54","Operations-03","74.211.186.210","74.211.186.210","Blocked","http://cdn.tacoda.at.atwola.com/an/qseg.html","Enterprise Malware"
"2014-06-04","19:37:22","Operations-03","74.211.186.210","74.211.186.210","Blocked","http://cdn.tacoda.at.atwola.com/an/qseg.html","Enterprise Malware"
"2014-06-04","19:33:56","Operations-03","74.211.186.210","74.211.186.210","Blocked","http://images.undertone.com/append/1x1.html","Enterprise Malware"
"2014-06-04","19:30:19","Operations-03","74.211.186.210","74.211.186.210","Blocked","http://cdn.tacoda.at.atwola.com/an/qseg.html","Enterprise Malware"
"2014-06-03","01:30:24","Operations-04","74.211.186.210","74.211.186.210","Blocked","mediaply.net","Enterprise Malware"
"2014-06-03","01:30:21","Operations-04","74.211.186.210","74.211.186.210","Blocked","mediaply.net","Enterprise Malware"
"2014-06-02","20:53:21","Operations-03","74.211.186.210","74.211.186.210","Blocked","http://cdn.tacoda.at.atwola.com/an/qseg.html","Enterprise Malware"
"2014-06-02","20:48:37","Operations-03","74.211.186.210","74.211.186.210","Blocked","http://cdn.tacoda.at.atwola.com/an/qseg.html","Enterprise Malware"
"2014-06-02","20:46:28","Operations-03","74.211.186.210","74.211.186.210","Blocked","http://cdn.tacoda.at.atwola.com/an/qseg.html","Enterprise Malware"
"2014-06-02","20:46:27","Operations-03","74.211.186.210","74.211.186.210","Blocked","http://cdn.tacoda.at.atwola.com/an/qseg.html","Enterprise Malware"
"2014-06-02","19:48:53","Operations-04","74.211.186.210","74.211.186.210","Blocked","mediaply.net","Enterprise Malware"
"2014-06-02","19:48:53","Operations-04","74.211.186.210","74.211.186.210","Blocked","mediaply.net","Enterprise Malware"
"2014-06-02","19:48:53","Operations-04","74.211.186.210","74.211.186.210","Blocked","mediaply.net","Enterprise Malware"
"2014-06-02","19:34:03","Operations-04","74.211.186.210","74.211.186.210","Blocked","mediaply.net","Enterprise Malware"
"2014-06-02","19:13:39","Operations-04","74.211.186.210","74.211.186.210","Blocked","mediaply.net","Enterprise Malware"
"2014-06-02","19:13:35","Operations-04","74.211.186.210","74.211.186.210","Blocked","mediaply.net","Enterprise Malware"
"2014-06-02","19:36:35","Operations-03","74.211.186.210","74.211.186.210","Blocked","http://cdn.tacoda.at.atwola.com/an/qseg.html","Enterprise Malware"
"2014-06-02","19:30:19","Operations-03","74.211.186.210","74.211.186.210","Blocked","http://cdn.tacoda.at.atwola.com/an/qseg.html","Enterprise Malware"
"2014-06-02","15:54:48","Accounting-02","74.211.186.210","74.211.186.210","Blocked","stat.info-stream.net","Enterprise Malware"
"2014-06-02","15:54:47","Accounting-02","74.211.186.210","74.211.186.210","Blocked","stat.info-stream.net","Enterprise Malware"
"2014-06-02","15:54:46","Accounting-02","74.211.186.210","74.211.186.210","Blocked","stat.info-stream.net","Enterprise Malware"
"2014-05-30","22:08:26","Operations-04","74.211.186.210","74.211.186.210","Blocked","mediaply.net","Enterprise Malware"
"2014-05-30","22:08:25","Operations-04","74.211.186.210","74.211.186.210","Blocked","mediaply.net","Enterprise Malware"
"2014-05-30","22:08:24","Operations-04","74.211.186.210","74.211.186.210","Blocked","mediaply.net","Enterprise Malware"
"2014-05-30","19:26:08","Operations-03","74.211.186.210","74.211.186.210","Blocked","http://cdn.tacoda.at.atwola.com/an/qseg.html","Enterprise Malware"
"2014-05-30","19:20:28","Operations-03","74.211.186.210","74.211.186.210","Blocked","http://cdn.tacoda.at.atwola.com/an/qseg.html","Enterprise Malware"
"2014-05-30","18:55:11","Operations-03","74.211.186.210","74.211.186.210","Blocked","http://cdn.tacoda.at.atwola.com/an/qseg.html","Enterprise Malware"
"2014-05-30","18:53:38","Operations-03","74.211.186.210","74.211.186.210","Blocked","http://cdn.tacoda.at.atwola.com/an/qseg.html","Enterprise Malware"
"2014-05-30","18:49:40","Operations-03","74.211.186.210","74.211.186.210","Blocked","http://cdn.tacoda.at.atwola.com/an/qseg.html","Enterprise Malware"
"2014-05-30","18:49:39","Operations-03","74.211.186.210","74.211.186.210","Blocked","http://cdn.tacoda.at.atwola.com/an/qseg.html","Enterprise Malware"
"2014-05-30","16:44:37","Operations-04","74.211.186.210","74.211.186.210","Blocked","mediaply.net","Enterprise Malware"
"2014-05-30","16:21:10","Operations-04","74.211.186.210","74.211.186.210","Blocked","mediaply.net","Enterprise Malware"
"2014-05-30","16:21:09","Operations-04","74.211.186.210","74.211.186.210","Blocked","mediaply.net","Enterprise Malware"
"2014-05-30","15:57:45","Accounting-02","74.211.186.210","74.211.186.210","Blocked","stat.info-stream.net","Enterprise Malware"
"2014-05-30","01:08:24","Corporate-Sales","74.211.186.210","74.211.186.210","Blocked","http://fast.swa.demdex.net/dest3.html?d_nsid=0","Enterprise Malware"
"2014-05-30","01:08:06","Corporate-Sales","74.211.186.210","74.211.186.210","Blocked","http://fast.swa.demdex.net/dest3.html?d_nsid=0","Enterprise Malware"
"2014-05-30","01:07:48","Corporate-Sales","74.211.186.210","74.211.186.210","Blocked","http://fast.swa.demdex.net/dest3.html?d_nsid=0","Enterprise Malware"
"2014-05-30","01:07:34","Corporate-Sales","74.211.186.210","74.211.186.210","Blocked","http://fast.swa.demdex.net/dest3.html?d_nsid=0","Enterprise Malware"
"2014-05-30","01:06:29","Corporate-Sales","74.211.186.210","74.211.186.210","Blocked","http://fast.swa.demdex.net/dest3.html?d_nsid=0","Enterprise Malware"
"2014-05-30","01:05:41","Corporate-Sales","74.211.186.210","74.211.186.210","Blocked","http://fast.swa.demdex.net/dest3.html?d_nsid=0","Enterprise Malware"
"2014-05-30","01:38:51","Operations-04","74.211.186.210","74.211.186.210","Blocked","mediaply.net","Enterprise Malware"
"2014-05-30","01:38:50","Operations-04","74.211.186.210","74.211.186.210","Blocked","mediaply.net","Enterprise Malware"
"2014-05-30","01:21:15","Operations-04","74.211.186.210","74.211.186.210","Blocked","mediaply.net","Enterprise Malware"
"2014-05-30","00:56:31","Corporate-Sales","74.211.186.210","74.211.186.210","Blocked","http://fast.swa.demdex.net/dest3.html?d_nsid=0","Enterprise Malware"
"2014-05-30","00:55:44","Corporate-Sales","74.211.186.210","74.211.186.210","Blocked","http://fast.swa.demdex.net/dest3.html?d_nsid=0","Enterprise Malware"
"2014-05-30","00:55:27","Corporate-Sales","74.211.186.210","74.211.186.210","Blocked","http://fast.swa.demdex.net/dest3.html?d_nsid=0","Enterprise Malware"
"2014-05-30","00:50:11","Corporate-Sales","74.211.186.210","74.211.186.210","Blocked","http://fast.swa.demdex.net/dest3.html?d_nsid=0","Enterprise Malware"
"2014-05-30","00:48:00","Corporate-Sales","74.211.186.210","74.211.186.210","Blocked","http://fast.swa.demdex.net/dest3.html?d_nsid=0","Enterprise Malware"
"2014-05-30","00:47:42","Corporate-Sales","74.211.186.210","74.211.186.210","Blocked","http://fast.swa.demdex.net/dest3.html?d_nsid=0","Enterprise Malware"
"2014-05-30","00:40:25","Corporate-Sales","74.211.186.210","74.211.186.210","Blocked","http://fast.swa.demdex.net/dest3.html?d_nsid=0","Enterprise Malware"
"2014-05-30","00:39:56","Corporate-Sales","74.211.186.210","74.211.186.210","Blocked","http://fast.swa.demdex.net/dest3.html?d_nsid=0","Enterprise Malware"
"2014-05-30","00:32:42","Corporate-Sales","74.211.186.210","74.211.186.210","Blocked","http://fast.swa.demdex.net/dest3.html?d_nsid=0","Enterprise Malware"
"2014-05-30","00:32:31","Corporate-Sales","74.211.186.210","74.211.186.210","Blocked","http://fast.swa.demdex.net/dest3.html?d_nsid=0","Enterprise Malware"
"2014-05-29","19:50:19","Operations-03","74.211.186.210","74.211.186.210","Blocked","http://cdn.tacoda.at.atwola.com/an/qseg.html","Enterprise Malware"
"2014-05-29","15:56:53","Accounting-02","74.211.186.210","74.211.186.210","Blocked","stat.info-stream.net","Enterprise Malware"
"2014-05-29","01:14:06","Corporate-Sales","74.211.186.210","74.211.186.210","Blocked","http://redir.adap.tv/redir/client/FPSDetector.swf","Enterprise Malware"
"2014-05-29","01:14:06","Corporate-Sales","74.211.186.210","74.211.186.210","Blocked","http://redir.adap.tv/redir/client/FPSDetector.swf","Enterprise Malware"
"2014-05-29","01:14:06","Corporate-Sales","74.211.186.210","74.211.186.210","Blocked","http://redir.adap.tv/redir/client/FPSDetector.swf","Enterprise Malware"
"2014-05-29","01:14:06","Corporate-Sales","74.211.186.210","74.211.186.210","Blocked","http://redir.adap.tv/redir/client/FPSDetector.swf","Enterprise Malware"
"2014-05-29","01:13:56","Corporate-Sales","74.211.186.210","74.211.186.210","Blocked","http://redir.adap.tv/redir/client/FPSDetector.swf","Enterprise Malware"
"2014-05-29","01:13:55","Corporate-Sales","74.211.186.210","74.211.186.210","Blocked","http://redir.adap.tv/redir/client/FPSDetector.swf","Enterprise Malware"
"2014-05-29","01:13:55","Corporate-Sales","74.211.186.210","74.211.186.210","Blocked","http://redir.adap.tv/redir/client/FPSDetector.swf","Enterprise Malware"
"2014-05-29","01:13:55","Corporate-Sales","74.211.186.210","74.211.186.210","Blocked","http://redir.adap.tv/redir/client/FPSDetector.swf","Enterprise Malware"
"2014-05-29","01:13:41","Corporate-Sales","74.211.186.210","74.211.186.210","Blocked","http://redir.adap.tv/redir/client/FPSDetector.swf","Enterprise Malware"
"2014-05-29","01:13:41","Corporate-Sales","74.211.186.210","74.211.186.210","Blocked","http://redir.adap.tv/redir/client/FPSDetector.swf","Enterprise Malware"
"2014-05-29","01:13:41","Corporate-Sales","74.211.186.210","74.211.186.210","Blocked","http://redir.adap.tv/redir/client/FPSDetector.swf","Enterprise Malware"
"2014-05-29","01:13:41","Corporate-Sales","74.211.186.210","74.211.186.210","Blocked","http://redir.adap.tv/redir/client/FPSDetector.swf","Enterprise Malware"
"2014-05-29","01:12:49","Corporate-Sales","74.211.186.210","74.211.186.210","Blocked","http://redir.adap.tv/redir/client/FPSDetector.swf","Enterprise Malware"
"2014-05-29","01:12:49","Corporate-Sales","74.211.186.210","74.211.186.210","Blocked","http://redir.adap.tv/redir/client/FPSDetector.swf","Enterprise Malware"
"2014-05-29","01:12:49","Corporate-Sales","74.211.186.210","74.211.186.210","Blocked","http://redir.adap.tv/redir/client/FPSDetector.swf","Enterprise Malware"
"2014-05-29","01:12:48","Corporate-Sales","74.211.186.210","74.211.186.210","Blocked","http://redir.adap.tv/redir/client/FPSDetector.swf","Enterprise Malware"
"2014-05-29","01:12:12","Corporate-Sales","74.211.186.210","74.211.186.210","Blocked","http://redir.adap.tv/redir/client/FPSDetector.swf","Enterprise Malware"
"2014-05-29","01:12:12","Corporate-Sales","74.211.186.210","74.211.186.210","Blocked","http://redir.adap.tv/redir/client/FPSDetector.swf","Enterprise Malware"
"2014-05-29","01:12:12","Corporate-Sales","74.211.186.210","74.211.186.210","Blocked","http://redir.adap.tv/redir/client/FPSDetector.swf","Enterprise Malware"
"2014-05-29","01:12:12","Corporate-Sales","74.211.186.210","74.211.186.210","Blocked","http://redir.adap.tv/redir/client/FPSDetector.swf","Enterprise Malware"
"2014-05-29","01:10:22","Corporate-Sales","74.211.186.210","74.211.186.210","Blocked","http://cdn.tacoda.at.atwola.com/an/qseg.html","Enterprise Malware"
"2014-05-27","15:54:13","Accounting-02","74.211.186.210","74.211.186.210","Blocked","stat.info-stream.net","Enterprise Malware"
"2014-05-29","00:57:34","Corporate-Sales","74.211.186.210","74.211.186.210","Blocked","http://fast.swa.demdex.net/dest3.html?d_nsid=0","Enterprise Malware"
"2014-05-29","00:56:59","Corporate-Sales","74.211.186.210","74.211.186.210","Blocked","http://fast.swa.demdex.net/dest3.html?d_nsid=0","Enterprise Malware"
"2014-05-29","00:22:58","Corporate-Sales","74.211.186.210","74.211.186.210","Blocked","http://nordstrom.ugc.bazaarvoice.com/answers/4094p/crossdomain.htm?format=embedded","Enterprise Malware"
"2014-05-29","00:22:28","Corporate-Sales","74.211.186.210","74.211.186.210","Blocked","http://nordstrom.ugc.bazaarvoice.com/answers/4094p/crossdomain.htm?format=embedded","Enterprise Malware"
"2014-05-23","18:45:28","Corporate-Sales","74.211.186.210","74.211.186.210","Blocked","static.eyeviewads.com","Enterprise Malware"
"2014-05-23","18:34:30","TL-WS1-GRYPHPC","74.211.186.210","74.211.186.210","Blocked","www.adshost1.com","Enterprise Malware"
"2014-05-28","23:20:33","Corporate-Sales","74.211.186.210","74.211.186.210","Blocked","http://fast.swa.demdex.net/dest3.html?d_nsid=0","Enterprise Malware"
"2014-05-28","23:20:17","Corporate-Sales","74.211.186.210","74.211.186.210","Blocked","http://fast.swa.demdex.net/dest3.html?d_nsid=0","Enterprise Malware"
"2014-05-23","10:50:14","Operations-04","74.211.186.210","74.211.186.210","Blocked","mediaply.net","Enterprise Malware"
"2014-05-28","22:08:02","front-desk","74.211.186.210","74.211.186.210","Blocked","http://crl4.digicert.com/DigiCertHighAssuranceEVRootCA.crl","Enterprise Malware"
"2014-05-23","06:16:07","Operations-04","74.211.186.210","74.211.186.210","Blocked","mediaply.net","Enterprise Malware"
"2014-05-28","20:56:27","TL-WS1-GRYPHPC","74.211.186.210","74.211.186.210","Blocked","http://nordstrom.ugc.bazaarvoice.com/answers/4094p/crossdomain.htm?format=embedded","Enterprise Malware"
"2014-05-28","20:19:46","Corporate-Sales","74.211.186.210","74.211.186.210","Blocked","http://cdn.tacoda.at.atwola.com/an/qseg.html","Enterprise Malware"
"2014-05-28","20:19:43","Corporate-Sales","74.211.186.210","74.211.186.210","Blocked","http://tap2-cdn.rubiconproject.com/partner/scripts/rubicon/emily.html?rtb_ext=1&pc=10794/24854&geo=na&co=us","Enterprise Malware"
"2014-05-23","01:01:04","Operations-04","74.211.186.210","74.211.186.210","Blocked","mediaply.net","Enterprise Malware"
"2014-05-23","01:01:04","Operations-04","74.211.186.210","74.211.186.210","Blocked","mediaply.net","Enterprise Malware"
"2014-05-28","19:48:17","Operations-03","74.211.186.210","74.211.186.210","Blocked","http://cdn.tacoda.at.atwola.com/an/qseg.html","Enterprise Malware"
"2014-05-28","19:23:26","Corporate-Sales","74.211.186.210","74.211.186.210","Blocked","http://fast.swa.demdex.net/dest3.html?d_nsid=0","Enterprise Malware"
"2014-05-28","19:23:01","Corporate-Sales","74.211.186.210","74.211.186.210","Blocked","http://fast.swa.demdex.net/dest3.html?d_nsid=0","Enterprise Malware"
"2014-05-22","19:53:32","Operations-04","74.211.186.210","74.211.186.210","Blocked","mediaply.net","Enterprise Malware"
"2014-05-28","18:15:04","Corporate-Sales","74.211.186.210","74.211.186.210","Blocked","http://fast.swa.demdex.net/dest3.html?d_nsid=0","Enterprise Malware"
"2014-05-28","18:12:09","Corporate-Sales","74.211.186.210","74.211.186.210","Blocked","http://fast.swa.demdex.net/dest3.html?d_nsid=0","Enterprise Malware"
"2014-05-28","18:11:25","Corporate-Sales","74.211.186.210","74.211.186.210","Blocked","http://fast.swa.demdex.net/dest3.html?d_nsid=0","Enterprise Malware"
"2014-05-28","18:11:16","Corporate-Sales","74.211.186.210","74.211.186.210","Blocked","http://fast.swa.demdex.net/dest3.html?d_nsid=0","Enterprise Malware"
"2014-05-28","18:10:29","Corporate-Sales","74.211.186.210","74.211.186.210","Blocked","http://fast.swa.demdex.net/dest3.html?d_nsid=0","Enterprise Malware"
"2014-05-28","18:10:13","Corporate-Sales","74.211.186.210","74.211.186.210","Blocked","http://fast.swa.demdex.net/dest3.html?d_nsid=0","Enterprise Malware"
"2014-05-22","15:55:33","Accounting-02","74.211.186.210","74.211.186.210","Blocked","stat.info-stream.net","Enterprise Malware"
"2014-05-22","15:02:11","Operations-04","74.211.186.210","74.211.186.210","Blocked","mediaply.net","Enterprise Malware"
"2014-05-27","23:51:35","Corporate-Sales","74.211.186.210","74.211.186.210","Blocked","http://cdn.tacoda.at.atwola.com/an/qseg.html","Enterprise Malware"
"2014-05-27","23:51:09","Corporate-Sales","74.211.186.210","74.211.186.210","Blocked","http://cdn.tacoda.at.atwola.com/an/qseg.html","Enterprise Malware"
"2014-05-27","23:49:37","Corporate-Sales","74.211.186.210","74.211.186.210","Blocked","http://cdn.tacoda.at.atwola.com/an/qseg.html","Enterprise Malware"
"2014-05-27","23:47:00","Corporate-Sales","74.211.186.210","74.211.186.210","Blocked","http://cdn.tacoda.at.atwola.com/an/qseg.html","Enterprise Malware"
"2014-05-27","23:28:55","Corporate-Sales","74.211.186.210","74.211.186.210","Blocked","http://cdn.tacoda.at.atwola.com/an/qseg.html","Enterprise Malware"
"2014-05-22","10:07:25","Operations-04","74.211.186.210","74.211.186.210","Blocked","mediaply.net","Enterprise Malware"
"2014-05-22","10:07:25","Operations-04","74.211.186.210","74.211.186.210","Blocked","mediaply.net","Enterprise Malware"
"2014-05-27","19:59:36","front-desk","74.211.186.210","74.211.186.210","Blocked","http://crl4.digicert.com/DigiCertHighAssuranceEVRootCA.crl","Enterprise Malware"
"2014-05-22","05:01:00","Operations-04","74.211.186.210","74.211.186.210","Blocked","mediaply.net","Enterprise Malware"
"2014-05-22","05:00:59","Operations-04","74.211.186.210","74.211.186.210","Blocked","mediaply.net","Enterprise Malware"
"2014-05-23","22:08:48","Operations-03","74.211.186.210","74.211.186.210","Blocked","http://cdn.tacoda.at.atwola.com/an/qseg.html","Enterprise Malware"
"2014-05-23","22:05:12","Operations-03","74.211.186.210","74.211.186.210","Blocked","http://cdn.tacoda.at.atwola.com/an/qseg.html","Enterprise Malware"
"2014-05-22","00:18:53","Operations-04","74.211.186.210","74.211.186.210","Blocked","mediaply.net","Enterprise Malware"
"2014-05-22","00:18:52","Operations-04","74.211.186.210","74.211.186.210","Blocked","mediaply.net","Enterprise Malware"
"2014-05-23","18:36:47","Corporate-Sales","74.211.186.210","74.211.186.210","Blocked","http://fast.swa.demdex.net/dest3.html?d_nsid=0","Enterprise Malware"
"2014-05-23","18:36:27","Corporate-Sales","74.211.186.210","74.211.186.210","Blocked","http://fast.swa.demdex.net/dest3.html?d_nsid=0","Enterprise Malware"
"2014-05-21","19:13:17","Operations-04","74.211.186.210","74.211.186.210","Blocked","mediaply.net","Enterprise Malware"
"2014-05-23","00:22:32","Corporate-Sales","74.211.186.210","74.211.186.210","Blocked","http://cdn.tacoda.at.atwola.com/an/qseg.html","Enterprise Malware"
"2014-05-23","00:21:53","Corporate-Sales","74.211.186.210","74.211.186.210","Blocked","http://tap2-cdn.rubiconproject.com/partner/scripts/rubicon/emily.html?rtb_ext=1&pc=10794/24854&geo=na&co=us","Enterprise Malware"
"2014-05-21","13:57:09","Operations-04","74.211.186.210","74.211.186.210","Blocked","mediaply.net","Enterprise Malware"
"2014-05-22","18:33:31","Corporate-Sales","74.211.186.210","74.211.186.210","Blocked","http://nordstrom.ugc.bazaarvoice.com/4094redes/crossdomain.htm?format=embedded","Enterprise Malware"
"2014-05-21","09:24:28","Operations-04","74.211.186.210","74.211.186.210","Blocked","mediaply.net","Enterprise Malware"
"2014-05-22","16:02:19","accounting-01","74.211.186.210","74.211.186.210","Blocked","http://crl4.digicert.com/DigiCertHighAssuranceEVRootCA.crl","Enterprise Malware"
"2014-05-21","04:47:25","Operations-04","74.211.186.210","74.211.186.210","Blocked","mediaply.net","Enterprise Malware"
"2014-05-21","21:48:19","Corporate-Sales","74.211.186.210","74.211.186.210","Blocked","http://nordstrom.ugc.bazaarvoice.com/answers/4094p/crossdomain.htm?format=embedded","Enterprise Malware"
"2014-05-21","00:03:38","Operations-04","74.211.186.210","74.211.186.210","Blocked","mediaply.net","Enterprise Malware"
"2014-05-21","17:57:33","Corporate-Sales","74.211.186.210","74.211.186.210","Blocked","http://nordstrom.ugc.bazaarvoice.com/4094redes/crossdomain.htm?format=embedded","Enterprise Malware"
"2014-05-21","17:53:00","Corporate-Sales","74.211.186.210","74.211.186.210","Blocked","http://nordstrom.ugc.bazaarvoice.com/answers/4094p/crossdomain.htm?format=embedded","Enterprise Malware"
"2014-05-21","17:49:22","Corporate-Sales","74.211.186.210","74.211.186.210","Blocked","http://nordstrom.ugc.bazaarvoice.com/answers/4094p/crossdomain.htm?format=embedded","Enterprise Malware"
"2014-05-21","17:46:40","Corporate-Sales","74.211.186.210","74.211.186.210","Blocked","http://nordstrom.ugc.bazaarvoice.com/answers/4094p/crossdomain.htm?format=embedded","Enterprise Malware"
"2014-05-21","17:45:12","Corporate-Sales","74.211.186.210","74.211.186.210","Blocked","http://nordstrom.ugc.bazaarvoice.com/answers/4094p/crossdomain.htm?format=embedded","Enterprise Malware"
"2014-05-21","17:44:49","Corporate-Sales","74.211.186.210","74.211.186.210","Blocked","http://nordstrom.ugc.bazaarvoice.com/answers/4094p/crossdomain.htm?format=embedded","Enterprise Malware"
"2014-05-21","17:43:19","Corporate-Sales","74.211.186.210","74.211.186.210","Blocked","http://nordstrom.ugc.bazaarvoice.com/4094redes/crossdomain.htm?format=embedded","Enterprise Malware"
"2014-05-20","23:25:56","Operations-04","74.211.186.210","74.211.186.210","Blocked","mediaply.net","Enterprise Malware"
"2014-05-20","23:25:51","Operations-04","74.211.186.210","74.211.186.210","Blocked","mediaply.net","Enterprise Malware"
"2014-05-20","22:53:28","Oper-02-New","74.211.186.210","74.211.186.210","Blocked","http://fast.shaw.demdex.net/dest4.html?d_nsid=0","Enterprise Malware"
"2014-05-20","22:08:59","Operations-03","74.211.186.210","74.211.186.210","Blocked","http://cdn.tacoda.at.atwola.com/an/qseg.html","Enterprise Malware"
"2014-05-20","22:08:04","Operations-03","74.211.186.210","74.211.186.210","Blocked","http://cdn.tacoda.at.atwola.com/an/qseg.html","Enterprise Malware"
"2014-05-15","22:04:54","Operations-04","74.211.186.210","74.211.186.210","Blocked","mediaply.net","Enterprise Malware"
"2014-05-15","22:04:53","Operations-04","74.211.186.210","74.211.186.210","Blocked","mediaply.net","Enterprise Malware"
"2014-05-20","19:46:32","front-desk","74.211.186.210","74.211.186.210","Blocked","http://tap2-cdn.rubiconproject.com/partner/scripts/rubicon/emily.html?pc=11440/32460&geo=na&co=us","Enterprise Malware"
"2014-05-15","21:34:41","Operations-04","74.211.186.210","74.211.186.210","Blocked","mediaply.net","Enterprise Malware"
"2014-05-15","21:34:40","Operations-04","74.211.186.210","74.211.186.210","Blocked","mediaply.net","Enterprise Malware"
"2014-05-15","21:34:40","Operations-04","74.211.186.210","74.211.186.210","Blocked","mediaply.net","Enterprise Malware"
"2014-05-15","21:34:37","Operations-04","74.211.186.210","74.211.186.210","Blocked","mediaply.net","Enterprise Malware"
"2014-05-20","17:08:36","Upstairs-Showrm","74.211.186.210","74.211.186.210","Blocked","http://results.bookit.com/TealeafTarget.php","Enterprise Malware"
"2014-05-20","17:08:10","Upstairs-Showrm","74.211.186.210","74.211.186.210","Blocked","http://results.bookit.com/TealeafTarget.php","Enterprise Malware"
"2014-05-20","17:08:09","Upstairs-Showrm","74.211.186.210","74.211.186.210","Blocked","http://results.bookit.com/TealeafTarget.php","Enterprise Malware"
"2014-05-20","17:07:40","Upstairs-Showrm","74.211.186.210","74.211.186.210","Blocked","http://results.bookit.com/TealeafTarget.php","Enterprise Malware"
"2014-05-20","17:07:40","Upstairs-Showrm","74.211.186.210","74.211.186.210","Blocked","http://results.bookit.com/TealeafTarget.php","Enterprise Malware"
"2014-05-20","17:07:10","Upstairs-Showrm","74.211.186.210","74.211.186.210","Blocked","http://results.bookit.com/TealeafTarget.php","Enterprise Malware"
"2014-05-20","17:07:09","Upstairs-Showrm","74.211.186.210","74.211.186.210","Blocked","http://results.bookit.com/TealeafTarget.php","Enterprise Malware"
"2014-05-20","17:06:40","Upstairs-Showrm","74.211.186.210","74.211.186.210","Blocked","http://results.bookit.com/TealeafTarget.php","Enterprise Malware"
"2014-05-20","17:06:40","Upstairs-Showrm","74.211.186.210","74.211.186.210","Blocked","http://results.bookit.com/TealeafTarget.php","Enterprise Malware"
"2014-05-20","17:05:59","Upstairs-Showrm","74.211.186.210","74.211.186.210","Blocked","http://results.bookit.com/TealeafTarget.php","Enterprise Malware"
"2014-05-20","17:05:51","Upstairs-Showrm","74.211.186.210","74.211.186.210","Blocked","http://results.bookit.com/TealeafTarget.php","Enterprise Malware"
"2014-05-20","17:05:50","Upstairs-Showrm","74.211.186.210","74.211.186.210","Blocked","http://results.bookit.com/TealeafTarget.php","Enterprise Malware"
"2014-05-20","17:04:44","Upstairs-Showrm","74.211.186.210","74.211.186.210","Blocked","http://results.bookit.com/TealeafTarget.php","Enterprise Malware"
"2014-05-20","17:03:08","Upstairs-Showrm","74.211.186.210","74.211.186.210","Blocked","http://results.bookit.com/TealeafTarget.php","Enterprise Malware"
"2014-05-20","17:03:08","Upstairs-Showrm","74.211.186.210","74.211.186.210","Blocked","http://results.bookit.com/TealeafTarget.php","Enterprise Malware"
"2014-05-15","15:41:23","Accounting-02","74.211.186.210","74.211.186.210","Blocked","stat.info-stream.net","Enterprise Malware"
"2014-05-20","01:55:26","Corporate-Sales","74.211.186.210","74.211.186.210","Blocked","http://ip.casalemedia.com/usermatch?s=179174&cb=http://b.photobucket.com/pbkt/setid/external=CASALE/value=","Enterprise Malware"
"2014-05-20","01:55:22","Corporate-Sales","74.211.186.210","74.211.186.210","Blocked","http://ip.casalemedia.com/usermatch?s=179174&cb=http://b.photobucket.com/pbkt/setid/external=CASALE/value=","Enterprise Malware"
"2014-05-20","01:55:11","Corporate-Sales","74.211.186.210","74.211.186.210","Blocked","http://ip.casalemedia.com/usermatch?s=179174&cb=http://b.photobucket.com/pbkt/setid/external=CASALE/value=","Enterprise Malware"
"2014-05-20","01:55:11","Corporate-Sales","74.211.186.210","74.211.186.210","Blocked","http://ip.casalemedia.com/usermatch?s=179174&cb=http://b.photobucket.com/pbkt/setid/external=CASALE/value=","Enterprise Malware"
"2014-05-20","01:55:10","Corporate-Sales","74.211.186.210","74.211.186.210","Blocked","http://ip.casalemedia.com/usermatch?s=179174&cb=http://b.photobucket.com/pbkt/setid/external=CASALE/value=","Enterprise Malware"
"2014-05-20","01:55:09","Corporate-Sales","74.211.186.210","74.211.186.210","Blocked","http://ip.casalemedia.com/usermatch?s=179174&cb=http://b.photobucket.com/pbkt/setid/external=CASALE/value=","Enterprise Malware"
"2014-05-20","01:55:00","Corporate-Sales","74.211.186.210","74.211.186.210","Blocked","http://ip.casalemedia.com/usermatch?s=179174&cb=http://b.photobucket.com/pbkt/setid/external=CASALE/value=","Enterprise Malware"
"2014-05-20","01:54:59","Corporate-Sales","74.211.186.210","74.211.186.210","Blocked","http://ip.casalemedia.com/usermatch?s=179174&cb=http://b.photobucket.com/pbkt/setid/external=CASALE/value=","Enterprise Malware"
"2014-05-20","01:54:54","Corporate-Sales","74.211.186.210","74.211.186.210","Blocked","http://ip.casalemedia.com/usermatch?s=179174&cb=http://b.photobucket.com/pbkt/setid/external=CASALE/value=","Enterprise Malware"
"2014-05-20","01:54:54","Corporate-Sales","74.211.186.210","74.211.186.210","Blocked","http://ip.casalemedia.com/usermatch?s=179174&cb=http://b.photobucket.com/pbkt/setid/external=CASALE/value=","Enterprise Malware"
"2014-05-20","01:54:44","Corporate-Sales","74.211.186.210","74.211.186.210","Blocked","http://ip.casalemedia.com/usermatch?s=179174&cb=http://b.photobucket.com/pbkt/setid/external=CASALE/value=","Enterprise Malware"
"2014-05-20","01:54:40","Corporate-Sales","74.211.186.210","74.211.186.210","Blocked","http://ip.casalemedia.com/usermatch?s=179174&cb=http://b.photobucket.com/pbkt/setid/external=CASALE/value=","Enterprise Malware"
"2014-05-20","01:54:39","Corporate-Sales","74.211.186.210","74.211.186.210","Blocked","http://ip.casalemedia.com/usermatch?s=179174&cb=http://b.photobucket.com/pbkt/setid/external=CASALE/value=","Enterprise Malware"
"2014-05-14","23:11:41","Operations-04","74.211.186.210","74.211.186.210","Blocked","mediaply.net","Enterprise Malware"
"2014-05-14","23:11:40","Operations-04","74.211.186.210","74.211.186.210","Blocked","mediaply.net","Enterprise Malware"
"2014-05-19","22:44:45","Corporate-Sales","74.211.186.210","74.211.186.210","Blocked","http://tap2-cdn.rubiconproject.com/partner/scripts/rubicon/emily.html?rtb_ext=1&pc=10794/24854&geo=na&co=us","Enterprise Malware"
"2014-05-14","22:49:34","Operations-04","74.211.186.210","74.211.186.210","Blocked","mediaply.net","Enterprise Malware"
"2014-05-14","22:49:34","Operations-04","74.211.186.210","74.211.186.210","Blocked","mediaply.net","Enterprise Malware"
"2014-05-19","21:01:09","Corporate-Sales","74.211.186.210","74.211.186.210","Blocked","http://fast.swa.demdex.net/dest3.html?d_nsid=0","Enterprise Malware"
"2014-05-19","21:00:48","Corporate-Sales","74.211.186.210","74.211.186.210","Blocked","http://fast.swa.demdex.net/dest3.html?d_nsid=0","Enterprise Malware"
"2014-05-14","21:04:52","Operations-04","74.211.186.210","74.211.186.210","Blocked","mediaply.net","Enterprise Malware"
"2014-05-14","21:04:50","Operations-04","74.211.186.210","74.211.186.210","Blocked","mediaply.net","Enterprise Malware"
"2014-05-17","00:04:25","Operations-03","74.211.186.210","74.211.186.210","Blocked","http://redir.adap.tv/redir/client/FPSDetector.swf","Enterprise Malware"
"2014-05-17","00:04:24","Operations-03","74.211.186.210","74.211.186.210","Blocked","http://redir.adap.tv/redir/client/FPSDetector.swf","Enterprise Malware"
"2014-05-17","00:04:24","Operations-03","74.211.186.210","74.211.186.210","Blocked","http://redir.adap.tv/redir/client/FPSDetector.swf","Enterprise Malware"
"2014-05-17","00:04:24","Operations-03","74.211.186.210","74.211.186.210","Blocked","http://redir.adap.tv/redir/client/FPSDetector.swf","Enterprise Malware"
"2014-05-17","00:04:23","Operations-03","74.211.186.210","74.211.186.210","Blocked","http://redir.adap.tv/redir/client/FPSDetector.swf","Enterprise Malware"
"2014-05-17","00:04:23","Operations-03","74.211.186.210","74.211.186.210","Blocked","http://redir.adap.tv/redir/client/FPSDetector.swf","Enterprise Malware"
"2014-05-17","00:04:23","Operations-03","74.211.186.210","74.211.186.210","Blocked","http://redir.adap.tv/redir/client/FPSDetector.swf","Enterprise Malware"
"2014-05-17","00:04:23","Operations-03","74.211.186.210","74.211.186.210","Blocked","http://redir.adap.tv/redir/client/FPSDetector.swf","Enterprise Malware"
"2014-05-17","00:04:11","Operations-03","74.211.186.210","74.211.186.210","Blocked","http://redir.adap.tv/redir/client/FPSDetector.swf","Enterprise Malware"
"2014-05-17","00:04:11","Operations-03","74.211.186.210","74.211.186.210","Blocked","http://redir.adap.tv/redir/client/FPSDetector.swf","Enterprise Malware"
"2014-05-17","00:04:11","Operations-03","74.211.186.210","74.211.186.210","Blocked","http://redir.adap.tv/redir/client/FPSDetector.swf","Enterprise Malware"
"2014-05-17","00:04:10","Operations-03","74.211.186.210","74.211.186.210","Blocked","http://redir.adap.tv/redir/client/FPSDetector.swf","Enterprise Malware"
"2014-05-17","00:04:07","Operations-03","74.211.186.210","74.211.186.210","Blocked","http://redir.adap.tv/redir/client/FPSDetector.swf","Enterprise Malware"
"2014-05-17","00:04:07","Operations-03","74.211.186.210","74.211.186.210","Blocked","http://redir.adap.tv/redir/client/FPSDetector.swf","Enterprise Malware"
"2014-05-17","00:04:06","Operations-03","74.211.186.210","74.211.186.210","Blocked","http://redir.adap.tv/redir/client/FPSDetector.swf","Enterprise Malware"
"2014-05-17","00:04:05","Operations-03","74.211.186.210","74.211.186.210","Blocked","http://redir.adap.tv/redir/client/FPSDetector.swf","Enterprise Malware"
"2014-05-17","00:04:03","Operations-03","74.211.186.210","74.211.186.210","Blocked","http://cdn.tacoda.at.atwola.com/an/qseg.html","Enterprise Malware"
"2014-05-14","19:36:52","Operations-04","74.211.186.210","74.211.186.210","Blocked","mediaply.net","Enterprise Malware"
"2014-05-14","19:36:52","Operations-04","74.211.186.210","74.211.186.210","Blocked","mediaply.net","Enterprise Malware"
"2014-05-14","19:05:51","Operations-04","74.211.186.210","74.211.186.210","Blocked","mediaply.net","Enterprise Malware"
"2014-05-14","19:05:50","Operations-04","74.211.186.210","74.211.186.210","Blocked","mediaply.net","Enterprise Malware"
"2014-05-16","23:50:38","Operations-03","74.211.186.210","74.211.186.210","Blocked","http://redir.adap.tv/redir/client/FPSDetector.swf","Enterprise Malware"
"2014-05-16","23:50:38","Operations-03","74.211.186.210","74.211.186.210","Blocked","http://redir.adap.tv/redir/client/FPSDetector.swf","Enterprise Malware"
"2014-05-16","23:50:37","Operations-03","74.211.186.210","74.211.186.210","Blocked","http://redir.adap.tv/redir/client/FPSDetector.swf","Enterprise Malware"
"2014-05-16","23:50:37","Operations-03","74.211.186.210","74.211.186.210","Blocked","http://redir.adap.tv/redir/client/FPSDetector.swf","Enterprise Malware"
"2014-05-16","23:50:15","Operations-03","74.211.186.210","74.211.186.210","Blocked","http://redir.adap.tv/redir/client/FPSDetector.swf","Enterprise Malware"
"2014-05-16","23:50:15","Operations-03","74.211.186.210","74.211.186.210","Blocked","http://redir.adap.tv/redir/client/FPSDetector.swf","Enterprise Malware"
"2014-05-16","23:50:15","Operations-03","74.211.186.210","74.211.186.210","Blocked","http://redir.adap.tv/redir/client/FPSDetector.swf","Enterprise Malware"
"2014-05-16","23:50:13","Operations-03","74.211.186.210","74.211.186.210","Blocked","http://redir.adap.tv/redir/client/FPSDetector.swf","Enterprise Malware"
"2014-05-16","23:50:03","Operations-03","74.211.186.210","74.211.186.210","Blocked","http://redir.adap.tv/redir/client/FPSDetector.swf","Enterprise Malware"
"2014-05-16","23:50:02","Operations-03","74.211.186.210","74.211.186.210","Blocked","http://redir.adap.tv/redir/client/FPSDetector.swf","Enterprise Malware"
"2014-05-16","23:50:00","Operations-03","74.211.186.210","74.211.186.210","Blocked","http://cdn.tacoda.at.atwola.com/an/qseg.html","Enterprise Malware"
"2014-05-16","23:49:58","Operations-03","74.211.186.210","74.211.186.210","Blocked","http://redir.adap.tv/redir/client/FPSDetector.swf","Enterprise Malware"
"2014-05-16","23:49:58","Operations-03","74.211.186.210","74.211.186.210","Blocked","http://redir.adap.tv/redir/client/FPSDetector.swf","Enterprise Malware"
"2014-05-16","23:49:38","Operations-03","74.211.186.210","74.211.186.210","Blocked","http://redir.adap.tv/redir/client/FPSDetector.swf","Enterprise Malware"
"2014-05-16","23:49:37","Operations-03","74.211.186.210","74.211.186.210","Blocked","http://redir.adap.tv/redir/client/FPSDetector.swf","Enterprise Malware"
"2014-05-16","23:49:23","Operations-03","74.211.186.210","74.211.186.210","Blocked","http://redir.adap.tv/redir/client/FPSDetector.swf","Enterprise Malware"
"2014-05-16","23:49:23","Operations-03","74.211.186.210","74.211.186.210","Blocked","http://redir.adap.tv/redir/client/FPSDetector.swf","Enterprise Malware"
"2014-05-16","23:49:22","Operations-03","74.211.186.210","74.211.186.210","Blocked","http://redir.adap.tv/redir/client/FPSDetector.swf","Enterprise Malware"
"2014-05-16","23:49:22","Operations-03","74.211.186.210","74.211.186.210","Blocked","http://redir.adap.tv/redir/client/FPSDetector.swf","Enterprise Malware"
"2014-05-16","23:49:13","Operations-03","74.211.186.210","74.211.186.210","Blocked","http://redir.adap.tv/redir/client/FPSDetector.swf","Enterprise Malware"
"2014-05-16","23:49:12","Operations-03","74.211.186.210","74.211.186.210","Blocked","http://redir.adap.tv/redir/client/FPSDetector.swf","Enterprise Malware"
"2014-05-16","23:49:12","Operations-03","74.211.186.210","74.211.186.210","Blocked","http://redir.adap.tv/redir/client/FPSDetector.swf","Enterprise Malware"
"2014-05-16","23:49:11","Operations-03","74.211.186.210","74.211.186.210","Blocked","http://redir.adap.tv/redir/client/FPSDetector.swf","Enterprise Malware"
"2014-05-16","23:49:03","Operations-03","74.211.186.210","74.211.186.210","Blocked","http://redir.adap.tv/redir/client/FPSDetector.swf","Enterprise Malware"
"2014-05-16","23:48:58","Operations-03","74.211.186.210","74.211.186.210","Blocked","http://redir.adap.tv/redir/client/FPSDetector.swf","Enterprise Malware"
"2014-05-16","23:48:57","Operations-03","74.211.186.210","74.211.186.210","Blocked","http://redir.adap.tv/redir/client/FPSDetector.swf","Enterprise Malware"
"2014-05-16","23:48:57","Operations-03","74.211.186.210","74.211.186.210","Blocked","http://redir.adap.tv/redir/client/FPSDetector.swf","Enterprise Malware"
"2014-05-16","23:48:51","Operations-03","74.211.186.210","74.211.186.210","Blocked","http://cdn.tacoda.at.atwola.com/an/qseg.html","Enterprise Malware"
"2014-05-16","23:48:48","Operations-03","74.211.186.210","74.211.186.210","Blocked","http://redir.adap.tv/redir/client/FPSDetector.swf","Enterprise Malware"
"2014-05-16","23:48:44","Operations-03","74.211.186.210","74.211.186.210","Blocked","http://redir.adap.tv/redir/client/FPSDetector.swf","Enterprise Malware"
"2014-05-16","23:48:43","Operations-03","74.211.186.210","74.211.186.210","Blocked","http://redir.adap.tv/redir/client/FPSDetector.swf","Enterprise Malware"
"2014-05-16","23:48:43","Operations-03","74.211.186.210","74.211.186.210","Blocked","http://redir.adap.tv/redir/client/FPSDetector.swf","Enterprise Malware"
"2014-05-16","23:48:35","Operations-03","74.211.186.210","74.211.186.210","Blocked","http://cdn.tacoda.at.atwola.com/an/qseg.html","Enterprise Malware"
"2014-05-16","23:47:29","Operations-03","74.211.186.210","74.211.186.210","Blocked","http://redir.adap.tv/redir/client/FPSDetector.swf","Enterprise Malware"
"2014-05-16","23:47:29","Operations-03","74.211.186.210","74.211.186.210","Blocked","http://redir.adap.tv/redir/client/FPSDetector.swf","Enterprise Malware"
"2014-05-16","23:47:29","Operations-03","74.211.186.210","74.211.186.210","Blocked","http://redir.adap.tv/redir/client/FPSDetector.swf","Enterprise Malware"
"2014-05-16","23:47:29","Operations-03","74.211.186.210","74.211.186.210","Blocked","http://redir.adap.tv/redir/client/FPSDetector.swf","Enterprise Malware"
"2014-05-16","23:47:27","Operations-03","74.211.186.210","74.211.186.210","Blocked","http://redir.adap.tv/redir/client/FPSDetector.swf","Enterprise Malware"
"2014-05-16","23:47:26","Operations-03","74.211.186.210","74.211.186.210","Blocked","http://redir.adap.tv/redir/client/FPSDetector.swf","Enterprise Malware"
"2014-05-16","23:47:26","Operations-03","74.211.186.210","74.211.186.210","Blocked","http://redir.adap.tv/redir/client/FPSDetector.swf","Enterprise Malware"
"2014-05-16","23:47:26","Operations-03","74.211.186.210","74.211.186.210","Blocked","http://redir.adap.tv/redir/client/FPSDetector.swf","Enterprise Malware"
"2014-05-16","23:47:04","Operations-03","74.211.186.210","74.211.186.210","Blocked","http://cdn.tacoda.at.atwola.com/an/qseg.html","Enterprise Malware"
"2014-05-14","18:28:56","Operations-04","74.211.186.210","74.211.186.210","Blocked","mediaply.net","Enterprise Malware"
"2014-05-14","18:07:52","Operations-04","74.211.186.210","74.211.186.210","Blocked","mediaply.net","Enterprise Malware"
"2014-05-14","18:07:49","Operations-04","74.211.186.210","74.211.186.210","Blocked","mediaply.net","Enterprise Malware"
"2014-05-15","16:38:55","Corporate-Sales","74.211.186.210","74.211.186.210","Blocked","http://crl.comodo.net/AddTrustExternalCARoot.crl","Enterprise Malware"
"2014-05-15","16:38:52","Corporate-Sales","74.211.186.210","74.211.186.210","Blocked","http://crl.comodo.net/UTN-DATACorpSGC.crl","Enterprise Malware"
"2014-05-15","16:38:50","Corporate-Sales","74.211.186.210","74.211.186.210","Blocked","http://crl.comodoca.com/UTN-DATACorpSGC.crl","Enterprise Malware"
"2014-05-15","16:38:45","Corporate-Sales","74.211.186.210","74.211.186.210","Blocked","http://crl.comodoca.com/AddTrustExternalCARoot.crl","Enterprise Malware"
"2014-05-13","15:51:56","Accounting-02","74.211.186.210","74.211.186.210","Blocked","stat.info-stream.net","Enterprise Malware"
"2014-05-14","21:40:47","Corporate-Sales","74.211.186.210","74.211.186.210","Blocked","http://crl.comodo.net/AddTrustExternalCARoot.crl","Enterprise Malware"
"2014-05-14","21:40:43","Corporate-Sales","74.211.186.210","74.211.186.210","Blocked","http://crl.comodoca.com/AddTrustExternalCARoot.crl","Enterprise Malware"
"2014-05-12","15:51:33","Accounting-02","74.211.186.210","74.211.186.210","Blocked","stat.info-stream.net","Enterprise Malware"
"2014-05-14","19:54:19","Corporate-Sales","74.211.186.210","74.211.186.210","Blocked","http://crl.comodo.net/UTN-DATACorpSGC.crl","Enterprise Malware"
"2014-05-14","19:54:19","Corporate-Sales","74.211.186.210","74.211.186.210","Blocked","http://crl.comodo.net/UTN-DATACorpSGC.crl","Enterprise Malware"
"2014-05-14","19:54:19","Corporate-Sales","74.211.186.210","74.211.186.210","Blocked","http://crl.comodoca.com/UTN-DATACorpSGC.crl","Enterprise Malware"
"2014-05-14","19:54:19","Corporate-Sales","74.211.186.210","74.211.186.210","Blocked","http://crl.comodoca.com/UTN-DATACorpSGC.crl","Enterprise Malware"
"2014-05-14","19:54:18","Corporate-Sales","74.211.186.210","74.211.186.210","Blocked","http://crl.comodo.net/AddTrustExternalCARoot.crl","Enterprise Malware"
"2014-05-14","19:54:18","Corporate-Sales","74.211.186.210","74.211.186.210","Blocked","http://crl.comodo.net/AddTrustExternalCARoot.crl","Enterprise Malware"
"2014-05-14","19:54:17","Corporate-Sales","74.211.186.210","74.211.186.210","Blocked","http://crl.comodoca.com/AddTrustExternalCARoot.crl","Enterprise Malware"
"2014-05-14","19:54:17","Corporate-Sales","74.211.186.210","74.211.186.210","Blocked","http://crl.comodoca.com/AddTrustExternalCARoot.crl","Enterprise Malware"
"2014-05-14","19:38:38","Corporate-Sales","74.211.186.210","74.211.186.210","Blocked","http://crl.comodo.net/UTN-DATACorpSGC.crl","Enterprise Malware"
"2014-05-14","19:38:38","Corporate-Sales","74.211.186.210","74.211.186.210","Blocked","http://crl.comodo.net/UTN-DATACorpSGC.crl","Enterprise Malware"
"2014-05-14","19:38:38","Corporate-Sales","74.211.186.210","74.211.186.210","Blocked","http://crl.comodoca.com/UTN-DATACorpSGC.crl","Enterprise Malware"
"2014-05-14","19:38:37","Corporate-Sales","74.211.186.210","74.211.186.210","Blocked","http://crl.comodoca.com/UTN-DATACorpSGC.crl","Enterprise Malware"
"2014-05-14","19:38:36","Corporate-Sales","74.211.186.210","74.211.186.210","Blocked","http://crl.comodo.net/AddTrustExternalCARoot.crl","Enterprise Malware"
"2014-05-14","19:38:35","Corporate-Sales","74.211.186.210","74.211.186.210","Blocked","http://crl.comodo.net/AddTrustExternalCARoot.crl","Enterprise Malware"
"2014-05-14","19:38:34","Corporate-Sales","74.211.186.210","74.211.186.210","Blocked","http://crl.comodoca.com/AddTrustExternalCARoot.crl","Enterprise Malware"
"2014-05-14","19:38:34","Corporate-Sales","74.211.186.210","74.211.186.210","Blocked","http://crl.comodoca.com/AddTrustExternalCARoot.crl","Enterprise Malware"
"2014-05-14","18:44:22","Corporate-Sales","74.211.186.210","74.211.186.210","Blocked","http://crl.comodo.net/UTN-DATACorpSGC.crl","Enterprise Malware"
"2014-05-14","18:44:21","Corporate-Sales","74.211.186.210","74.211.186.210","Blocked","http://crl.comodoca.com/UTN-DATACorpSGC.crl","Enterprise Malware"
"2014-05-14","18:44:21","Corporate-Sales","74.211.186.210","74.211.186.210","Blocked","http://crl.comodoca.com/UTN-DATACorpSGC.crl","Enterprise Malware"
"2014-05-14","18:44:21","Corporate-Sales","74.211.186.210","74.211.186.210","Blocked","http://crl.comodo.net/AddTrustExternalCARoot.crl","Enterprise Malware"
"2014-05-14","18:44:20","Corporate-Sales","74.211.186.210","74.211.186.210","Blocked","http://crl.comodo.net/AddTrustExternalCARoot.crl","Enterprise Malware"
"2014-05-14","18:44:20","Corporate-Sales","74.211.186.210","74.211.186.210","Blocked","http://crl.comodoca.com/AddTrustExternalCARoot.crl","Enterprise Malware"
"2014-05-14","18:44:20","Corporate-Sales","74.211.186.210","74.211.186.210","Blocked","http://crl.comodoca.com/AddTrustExternalCARoot.crl","Enterprise Malware"
"2014-05-14","18:44:07","Corporate-Sales","74.211.186.210","74.211.186.210","Blocked","http://crl.comodo.net/UTN-DATACorpSGC.crl","Enterprise Malware"
"2014-05-14","18:44:06","Corporate-Sales","74.211.186.210","74.211.186.210","Blocked","http://crl.comodoca.com/UTN-DATACorpSGC.crl","Enterprise Malware"
"2014-05-14","18:44:02","Corporate-Sales","74.211.186.210","74.211.186.210","Blocked","http://crl.comodo.net/AddTrustExternalCARoot.crl","Enterprise Malware"
"2014-05-14","18:43:56","Corporate-Sales","74.211.186.210","74.211.186.210","Blocked","http://crl.comodoca.com/AddTrustExternalCARoot.crl","Enterprise Malware"
"2014-05-14","18:24:44","front-desk","74.211.186.210","74.211.186.210","Blocked","http://www.download.windowsupdate.com/msdownload/update/v3/static/trustedr/en/authrootseq.txt","Enterprise Malware"
"2014-05-14","18:17:58","Operations-04","74.211.186.210","74.211.186.210","Blocked","http://crl.comodoca.com/COMODOCertificationAuthority.crl","Enterprise Malware"
"2014-05-14","16:32:14","Corporate-Sales","74.211.186.210","74.211.186.210","Blocked","http://widget.pulsemgr.com/widget/script/pm/100","Enterprise Malware"
"2014-05-14","16:32:13","Corporate-Sales","74.211.186.210","74.211.186.210","Blocked","http://widget.pulsemgr.com/widget/script/pm/100","Enterprise Malware"
"2014-05-14","16:32:12","Corporate-Sales","74.211.186.210","74.211.186.210","Blocked","http://widget.pulsemgr.com/widget/script/pm/100","Enterprise Malware"
"2014-05-14","16:32:11","Corporate-Sales","74.211.186.210","74.211.186.210","Blocked","http://widget.pulsemgr.com/widget/script/pm/100","Enterprise Malware"
"2014-05-14","16:32:10","Corporate-Sales","74.211.186.210","74.211.186.210","Blocked","http://widget.pulsemgr.com/widget/script/pm/100","Enterprise Malware"
"2014-05-14","16:32:10","Corporate-Sales","74.211.186.210","74.211.186.210","Blocked","http://widget.pulsemgr.com/widget/script/pm/100","Enterprise Malware"
"2014-05-14","16:32:09","Corporate-Sales","74.211.186.210","74.211.186.210","Blocked","http://widget.pulsemgr.com/widget/script/pm/100","Enterprise Malware"
"2014-05-14","16:32:08","Corporate-Sales","74.211.186.210","74.211.186.210","Blocked","http://widget.pulsemgr.com/widget/script/pm/100","Enterprise Malware"
"2014-05-14","16:32:07","Corporate-Sales","74.211.186.210","74.211.186.210","Blocked","http://widget.pulsemgr.com/widget/script/pm/100","Enterprise Malware"
"2014-05-14","16:32:06","Corporate-Sales","74.211.186.210","74.211.186.210","Blocked","http://widget.pulsemgr.com/widget/script/pm/100","Enterprise Malware"
"2014-05-14","16:32:06","Corporate-Sales","74.211.186.210","74.211.186.210","Blocked","http://widget.pulsemgr.com/widget/script/pm/100","Enterprise Malware"
"2014-05-14","16:32:05","Corporate-Sales","74.211.186.210","74.211.186.210","Blocked","http://widget.pulsemgr.com/widget/script/pm/100","Enterprise Malware"
"2014-05-14","16:32:04","Corporate-Sales","74.211.186.210","74.211.186.210","Blocked","http://widget.pulsemgr.com/widget/script/pm/100","Enterprise Malware"
"2014-05-14","16:32:03","Corporate-Sales","74.211.186.210","74.211.186.210","Blocked","http://widget.pulsemgr.com/widget/script/pm/100","Enterprise Malware"
"2014-05-14","16:32:02","Corporate-Sales","74.211.186.210","74.211.186.210","Blocked","http://widget.pulsemgr.com/widget/script/pm/100","Enterprise Malware"
"2014-05-14","16:32:02","Corporate-Sales","74.211.186.210","74.211.186.210","Blocked","http://widget.pulsemgr.com/widget/script/pm/100","Enterprise Malware"
"2014-05-14","16:32:01","Corporate-Sales","74.211.186.210","74.211.186.210","Blocked","http://widget.pulsemgr.com/widget/script/pm/100","Enterprise Malware"
"2014-05-14","16:32:00","Corporate-Sales","74.211.186.210","74.211.186.210","Blocked","http://widget.pulsemgr.com/widget/script/pm/100","Enterprise Malware"
"2014-05-14","16:31:59","Corporate-Sales","74.211.186.210","74.211.186.210","Blocked","http://widget.pulsemgr.com/widget/script/pm/100","Enterprise Malware"
"2014-05-14","16:31:58","Corporate-Sales","74.211.186.210","74.211.186.210","Blocked","http://widget.pulsemgr.com/widget/script/pm/100","Enterprise Malware"
"2014-05-14","16:31:58","Corporate-Sales","74.211.186.210","74.211.186.210","Blocked","http://widget.pulsemgr.com/widget/script/pm/100","Enterprise Malware"
"2014-05-14","16:31:57","Corporate-Sales","74.211.186.210","74.211.186.210","Blocked","http://widget.pulsemgr.com/widget/script/pm/100","Enterprise Malware"
"2014-05-14","16:31:56","Corporate-Sales","74.211.186.210","74.211.186.210","Blocked","http://widget.pulsemgr.com/widget/script/pm/100","Enterprise Malware"
"2014-05-14","16:31:55","Corporate-Sales","74.211.186.210","74.211.186.210","Blocked","http://widget.pulsemgr.com/widget/script/pm/100","Enterprise Malware"
"2014-05-14","16:31:54","Corporate-Sales","74.211.186.210","74.211.186.210","Blocked","http://widget.pulsemgr.com/widget/script/pm/100","Enterprise Malware"
"2014-05-14","16:31:54","Corporate-Sales","74.211.186.210","74.211.186.210","Blocked","http://widget.pulsemgr.com/widget/script/pm/100","Enterprise Malware"
"2014-05-14","16:31:53","Corporate-Sales","74.211.186.210","74.211.186.210","Blocked","http://widget.pulsemgr.com/widget/script/pm/100","Enterprise Malware"
"2014-05-14","16:31:52","Corporate-Sales","74.211.186.210","74.211.186.210","Blocked","http://widget.pulsemgr.com/widget/script/pm/100","Enterprise Malware"
"2014-05-14","16:31:51","Corporate-Sales","74.211.186.210","74.211.186.210","Blocked","http://widget.pulsemgr.com/widget/script/pm/100","Enterprise Malware"
"2014-05-14","16:31:51","Corporate-Sales","74.211.186.210","74.211.186.210","Blocked","http://widget.pulsemgr.com/widget/script/pm/100","Enterprise Malware"
"2014-05-14","16:31:48","Corporate-Sales","74.211.186.210","74.211.186.210","Blocked","http://widget.pulsemgr.com/widget/script/pm/100","Enterprise Malware"
"2014-05-14","16:31:47","Corporate-Sales","74.211.186.210","74.211.186.210","Blocked","http://widget.pulsemgr.com/widget/script/pm/100","Enterprise Malware"
"2014-05-14","16:31:46","Corporate-Sales","74.211.186.210","74.211.186.210","Blocked","http://widget.pulsemgr.com/widget/script/pm/100","Enterprise Malware"
"2014-05-14","16:31:44","Corporate-Sales","74.211.186.210","74.211.186.210","Blocked","http://widget.pulsemgr.com/widget/script/pm/100","Enterprise Malware"
"2014-05-14","16:31:43","Corporate-Sales","74.211.186.210","74.211.186.210","Blocked","http://widget.pulsemgr.com/widget/script/pm/100","Enterprise Malware"
"2014-05-14","16:31:42","Corporate-Sales","74.211.186.210","74.211.186.210","Blocked","http://widget.pulsemgr.com/widget/script/pm/100","Enterprise Malware"
"2014-05-14","16:31:41","Corporate-Sales","74.211.186.210","74.211.186.210","Blocked","http://widget.pulsemgr.com/widget/script/pm/100","Enterprise Malware"
"2014-05-14","16:31:40","Corporate-Sales","74.211.186.210","74.211.186.210","Blocked","http://widget.pulsemgr.com/widget/script/pm/100","Enterprise Malware"
"2014-05-14","16:31:39","Corporate-Sales","74.211.186.210","74.211.186.210","Blocked","http://widget.pulsemgr.com/widget/script/pm/100","Enterprise Malware"
"2014-05-14","16:31:37","Corporate-Sales","74.211.186.210","74.211.186.210","Blocked","http://widget.pulsemgr.com/widget/script/pm/100","Enterprise Malware"
"2014-05-14","16:31:36","Corporate-Sales","74.211.186.210","74.211.186.210","Blocked","http://widget.pulsemgr.com/widget/script/pm/100","Enterprise Malware"
"2014-05-14","16:31:35","Corporate-Sales","74.211.186.210","74.211.186.210","Blocked","http://widget.pulsemgr.com/widget/script/pm/100","Enterprise Malware"
"2014-05-14","16:31:35","Corporate-Sales","74.211.186.210","74.211.186.210","Blocked","http://widget.pulsemgr.com/widget/script/pm/100","Enterprise Malware"
"2014-05-14","16:31:34","Corporate-Sales","74.211.186.210","74.211.186.210","Blocked","http://widget.pulsemgr.com/widget/script/pm/100","Enterprise Malware"
"2014-05-14","16:31:33","Corporate-Sales","74.211.186.210","74.211.186.210","Blocked","http://widget.pulsemgr.com/widget/script/pm/100","Enterprise Malware"
"2014-05-14","16:31:32","Corporate-Sales","74.211.186.210","74.211.186.210","Blocked","http://widget.pulsemgr.com/widget/script/pm/100","Enterprise Malware"
"2014-05-14","16:31:31","Corporate-Sales","74.211.186.210","74.211.186.210","Blocked","http://widget.pulsemgr.com/widget/script/pm/100","Enterprise Malware"
"2014-05-14","16:31:30","Corporate-Sales","74.211.186.210","74.211.186.210","Blocked","http://widget.pulsemgr.com/widget/script/pm/100","Enterprise Malware"
"2014-05-14","16:31:30","Corporate-Sales","74.211.186.210","74.211.186.210","Blocked","http://widget.pulsemgr.com/widget/script/pm/100","Enterprise Malware"
"2014-05-14","16:31:29","Corporate-Sales","74.211.186.210","74.211.186.210","Blocked","http://widget.pulsemgr.com/widget/script/pm/100","Enterprise Malware"
"2014-05-14","16:31:28","Corporate-Sales","74.211.186.210","74.211.186.210","Blocked","http://widget.pulsemgr.com/widget/script/pm/100","Enterprise Malware"
"2014-05-14","16:31:28","Corporate-Sales","74.211.186.210","74.211.186.210","Blocked","http://widget.pulsemgr.com/widget/script/pm/100","Enterprise Malware"
"2014-05-14","16:31:26","Corporate-Sales","74.211.186.210","74.211.186.210","Blocked","http://widget.pulsemgr.com/widget/script/pm/100","Enterprise Malware"
"2014-05-14","01:52:51","Corporate-Sales","74.211.186.210","74.211.186.210","Blocked","http://crl.comodo.net/UTN-DATACorpSGC.crl","Enterprise Malware"
"2014-05-14","01:52:49","Corporate-Sales","74.211.186.210","74.211.186.210","Blocked","http://crl.comodoca.com/UTN-DATACorpSGC.crl","Enterprise Malware"
"2014-05-14","01:52:47","Corporate-Sales","74.211.186.210","74.211.186.210","Blocked","http://crl.comodo.net/AddTrustExternalCARoot.crl","Enterprise Malware"
"2014-05-14","01:52:46","Corporate-Sales","74.211.186.210","74.211.186.210","Blocked","http://crl.comodoca.com/AddTrustExternalCARoot.crl","Enterprise Malware"
"2014-05-13","23:43:05","Corporate-Sales","74.211.186.210","74.211.186.210","Blocked","http://fast.swa.demdex.net/dest3.html?d_nsid=0","Enterprise Malware"
"2014-05-13","23:42:37","Corporate-Sales","74.211.186.210","74.211.186.210","Blocked","http://fast.swa.demdex.net/dest3.html?d_nsid=0","Enterprise Malware"
"2014-05-13","23:41:45","Corporate-Sales","74.211.186.210","74.211.186.210","Blocked","http://fast.swa.demdex.net/dest3.html?d_nsid=0","Enterprise Malware"
"2014-05-13","23:40:47","Corporate-Sales","74.211.186.210","74.211.186.210","Blocked","http://fast.swa.demdex.net/dest3.html?d_nsid=0","Enterprise Malware"
"2014-05-13","22:58:23","Corporate-Sales","74.211.186.210","74.211.186.210","Blocked","http://crl.comodo.net/UTN-DATACorpSGC.crl","Enterprise Malware"
"2014-05-13","22:58:23","Corporate-Sales","74.211.186.210","74.211.186.210","Blocked","http://crl.comodo.net/UTN-DATACorpSGC.crl","Enterprise Malware"
"2014-05-13","22:58:22","Corporate-Sales","74.211.186.210","74.211.186.210","Blocked","http://crl.comodoca.com/UTN-DATACorpSGC.crl","Enterprise Malware"
"2014-05-13","22:58:22","Corporate-Sales","74.211.186.210","74.211.186.210","Blocked","http://crl.comodoca.com/UTN-DATACorpSGC.crl","Enterprise Malware"
"2014-05-13","22:58:22","Corporate-Sales","74.211.186.210","74.211.186.210","Blocked","http://crl.comodo.net/AddTrustExternalCARoot.crl","Enterprise Malware"
"2014-05-13","22:58:22","Corporate-Sales","74.211.186.210","74.211.186.210","Blocked","http://crl.comodo.net/AddTrustExternalCARoot.crl","Enterprise Malware"
"2014-05-13","22:58:21","Corporate-Sales","74.211.186.210","74.211.186.210","Blocked","http://crl.comodoca.com/AddTrustExternalCARoot.crl","Enterprise Malware"
"2014-05-13","22:58:21","Corporate-Sales","74.211.186.210","74.211.186.210","Blocked","http://crl.comodoca.com/AddTrustExternalCARoot.crl","Enterprise Malware"
"2014-05-13","22:49:47","Corporate-Sales","74.211.186.210","74.211.186.210","Blocked","http://m.addthisedge.com/live/t00/mu.gif?a=sc&r=1&err=1","Enterprise Malware"
"2014-05-13","22:37:24","Corporate-Sales","74.211.186.210","74.211.186.210","Blocked","http://crl.comodo.net/UTN-DATACorpSGC.crl","Enterprise Malware"
"2014-05-13","22:37:24","Corporate-Sales","74.211.186.210","74.211.186.210","Blocked","http://crl.comodo.net/UTN-DATACorpSGC.crl","Enterprise Malware"
"2014-05-13","22:37:24","Corporate-Sales","74.211.186.210","74.211.186.210","Blocked","http://crl.comodoca.com/UTN-DATACorpSGC.crl","Enterprise Malware"
"2014-05-13","22:37:23","Corporate-Sales","74.211.186.210","74.211.186.210","Blocked","http://crl.comodoca.com/UTN-DATACorpSGC.crl","Enterprise Malware"
"2014-05-13","22:37:23","Corporate-Sales","74.211.186.210","74.211.186.210","Blocked","http://crl.comodo.net/AddTrustExternalCARoot.crl","Enterprise Malware"
"2014-05-13","22:37:23","Corporate-Sales","74.211.186.210","74.211.186.210","Blocked","http://crl.comodo.net/AddTrustExternalCARoot.crl","Enterprise Malware"
"2014-05-13","22:37:22","Corporate-Sales","74.211.186.210","74.211.186.210","Blocked","http://crl.comodoca.com/AddTrustExternalCARoot.crl","Enterprise Malware"
"2014-05-13","22:36:26","Corporate-Sales","74.211.186.210","74.211.186.210","Blocked","http://crl.comodo.net/UTN-DATACorpSGC.crl","Enterprise Malware"
"2014-05-13","22:36:25","Corporate-Sales","74.211.186.210","74.211.186.210","Blocked","http://crl.comodoca.com/UTN-DATACorpSGC.crl","Enterprise Malware"
"2014-05-13","22:36:24","Corporate-Sales","74.211.186.210","74.211.186.210","Blocked","http://crl.comodo.net/AddTrustExternalCARoot.crl","Enterprise Malware"
"2014-05-13","22:36:21","Corporate-Sales","74.211.186.210","74.211.186.210","Blocked","http://crl.comodoca.com/AddTrustExternalCARoot.crl","Enterprise Malware"
"2014-05-13","22:35:53","Corporate-Sales","74.211.186.210","74.211.186.210","Blocked","http://crl.comodo.net/UTN-DATACorpSGC.crl","Enterprise Malware"
"2014-05-13","22:35:50","Corporate-Sales","74.211.186.210","74.211.186.210","Blocked","http://crl.comodoca.com/UTN-DATACorpSGC.crl","Enterprise Malware"
"2014-05-13","22:35:47","Corporate-Sales","74.211.186.210","74.211.186.210","Blocked","http://crl.comodo.net/AddTrustExternalCARoot.crl","Enterprise Malware"
"2014-05-13","22:35:41","Corporate-Sales","74.211.186.210","74.211.186.210","Blocked","http://crl.comodoca.com/AddTrustExternalCARoot.crl","Enterprise Malware"
"2014-05-13","20:40:44","Corporate-Sales","74.211.186.210","74.211.186.210","Blocked","http://crl.comodo.net/UTN-DATACorpSGC.crl","Enterprise Malware"
"2014-05-13","20:40:44","Corporate-Sales","74.211.186.210","74.211.186.210","Blocked","http://crl.comodo.net/UTN-DATACorpSGC.crl","Enterprise Malware"
"2014-05-13","20:40:43","Corporate-Sales","74.211.186.210","74.211.186.210","Blocked","http://crl.comodoca.com/UTN-DATACorpSGC.crl","Enterprise Malware"
"2014-05-13","20:40:41","Corporate-Sales","74.211.186.210","74.211.186.210","Blocked","http://crl.comodo.net/AddTrustExternalCARoot.crl","Enterprise Malware"
"2014-05-13","20:40:40","Corporate-Sales","74.211.186.210","74.211.186.210","Blocked","http://crl.comodoca.com/AddTrustExternalCARoot.crl","Enterprise Malware"
"2014-05-13","20:40:39","Corporate-Sales","74.211.186.210","74.211.186.210","Blocked","http://crl.comodoca.com/AddTrustExternalCARoot.crl","Enterprise Malware"
"2014-05-13","20:38:33","Corporate-Sales","74.211.186.210","74.211.186.210","Blocked","http://crl.comodo.net/UTN-DATACorpSGC.crl","Enterprise Malware"
"2014-05-13","20:38:32","Corporate-Sales","74.211.186.210","74.211.186.210","Blocked","http://crl.comodo.net/UTN-DATACorpSGC.crl","Enterprise Malware"
"2014-05-13","20:38:32","Corporate-Sales","74.211.186.210","74.211.186.210","Blocked","http://crl.comodoca.com/UTN-DATACorpSGC.crl","Enterprise Malware"
"2014-05-13","20:38:31","Corporate-Sales","74.211.186.210","74.211.186.210","Blocked","http://crl.comodoca.com/UTN-DATACorpSGC.crl","Enterprise Malware"
"2014-05-13","20:38:30","Corporate-Sales","74.211.186.210","74.211.186.210","Blocked","http://crl.comodo.net/AddTrustExternalCARoot.crl","Enterprise Malware"
"2014-05-13","20:38:30","Corporate-Sales","74.211.186.210","74.211.186.210","Blocked","http://crl.comodo.net/AddTrustExternalCARoot.crl","Enterprise Malware"
"2014-05-13","20:38:29","Corporate-Sales","74.211.186.210","74.211.186.210","Blocked","http://crl.comodoca.com/AddTrustExternalCARoot.crl","Enterprise Malware"
"2014-05-13","20:38:29","Corporate-Sales","74.211.186.210","74.211.186.210","Blocked","http://crl.comodoca.com/AddTrustExternalCARoot.crl","Enterprise Malware"
"2014-05-13","19:17:56","Corporate-Sales","74.211.186.210","74.211.186.210","Blocked","http://crl.comodo.net/UTN-DATACorpSGC.crl","Enterprise Malware"
"2014-05-13","19:17:56","Corporate-Sales","74.211.186.210","74.211.186.210","Blocked","http://crl.comodoca.com/UTN-DATACorpSGC.crl","Enterprise Malware"
"2014-05-13","19:17:55","Corporate-Sales","74.211.186.210","74.211.186.210","Blocked","http://crl.comodo.net/AddTrustExternalCARoot.crl","Enterprise Malware"
"2014-05-13","19:17:53","Corporate-Sales","74.211.186.210","74.211.186.210","Blocked","http://crl.comodoca.com/AddTrustExternalCARoot.crl","Enterprise Malware"
"2014-05-13","18:34:30","Operations-03","74.211.186.210","74.211.186.210","Blocked","http://cdn.tacoda.at.atwola.com/an/qseg.html","Enterprise Malware"
"2014-05-13","18:30:17","Operations-03","74.211.186.210","74.211.186.210","Blocked","http://cdn.tacoda.at.atwola.com/an/qseg.html","Enterprise Malware"
"2014-05-13","18:30:16","Operations-03","74.211.186.210","74.211.186.210","Blocked","http://cdn.tacoda.at.atwola.com/an/qseg.html","Enterprise Malware"
"2014-05-13","18:22:59","Operations-03","74.211.186.210","74.211.186.210","Blocked","http://cdn.tacoda.at.atwola.com/an/qseg.html","Enterprise Malware"
"2014-05-13","00:11:46","front-desk","74.211.186.210","74.211.186.210","Blocked","http://cti.w55c.net/ct/dx_upx_0DRuk3T3el.js?p1=y;&p2=birthday_forhim!","Enterprise Malware"
"2014-05-12","19:34:06","Corporate-Sales","74.211.186.210","74.211.186.210","Blocked","http://crl3.digicert.com/DigiCertHighAssuranceEVRootCA.crl","Enterprise Malware"
"2014-05-08","20:57:32","Operations-03","74.211.186.210","74.211.186.210","Blocked","http://global.fncstatic.com/static/v/all/js/apps/templates/frame.html","Enterprise Malware"
"2014-05-08","20:50:26","Operations-03","74.211.186.210","74.211.186.210","Blocked","http://global.fncstatic.com/static/v/all/js/apps/templates/frame.html","Enterprise Malware"
"2014-05-08","20:49:40","Operations-03","74.211.186.210","74.211.186.210","Blocked","http://global.fncstatic.com/static/v/all/js/apps/templates/frame.html","Enterprise Malware"
"2014-05-08","20:46:34","Operations-03","74.211.186.210","74.211.186.210","Blocked","http://global.fncstatic.com/static/v/all/js/apps/templates/frame.html","Enterprise Malware"
"2014-05-08","20:45:25","Operations-03","74.211.186.210","74.211.186.210","Blocked","http://global.fncstatic.com/static/v/all/js/apps/templates/frame.html","Enterprise Malware"
"2014-05-07","23:30:13","Operations-03","74.211.186.210","74.211.186.210","Blocked","http://global.fncstatic.com/static/v/all/js/apps/templates/frame.html","Enterprise Malware"
"2014-05-07","23:29:39","Operations-03","74.211.186.210","74.211.186.210","Blocked","http://global.fncstatic.com/static/v/all/js/apps/templates/frame.html","Enterprise Malware"
"2014-05-07","23:28:27","Operations-03","74.211.186.210","74.211.186.210","Blocked","http://global.fncstatic.com/static/v/all/js/apps/templates/frame.html","Enterprise Malware"
"2014-05-07","23:23:11","Operations-03","74.211.186.210","74.211.186.210","Blocked","http://global.fncstatic.com/static/v/all/js/apps/templates/frame.html","Enterprise Malware"
"2014-05-07","23:13:10","Operations-03","74.211.186.210","74.211.186.210","Blocked","http://global.fncstatic.com/static/v/all/js/apps/templates/frame.html","Enterprise Malware"
"2014-05-07","23:03:02","Operations-03","74.211.186.210","74.211.186.210","Blocked","http://global.fncstatic.com/static/v/all/js/apps/templates/frame.html","Enterprise Malware"
